Timestamp,Date,Year,Month,Day,Hour,Minute,Second,Millisecond,Price UP ($),Price DOWN ($),UP Bid,UP Ask,DOWN Bid,DOWN Ask,Entry Type,Watch Mode Entry,Paper Mode Entry,Notes
1767872102917,2026-01-08T11:35:02.917Z,2026,1,8,11,35,2,917,0.1450,0.8550,0.1400,0.1500,0.8500,0.8600,,,,
1767872106705,2026-01-08T11:35:06.705Z,2026,1,8,11,35,6,705,0.1400,0.8600,0.1300,0.1500,0.8500,0.8700,,,,
1767872108445,2026-01-08T11:35:08.445Z,2026,1,8,11,35,8,445,0.1350,0.8650,0.1300,0.1400,0.8600,0.8700,,,,
1767872108510,2026-01-08T11:35:08.510Z,2026,1,8,11,35,8,510,0.1300,0.8700,0.1200,0.1400,0.8600,0.8800,,,,
1767872108636,2026-01-08T11:35:08.636Z,2026,1,8,11,35,8,636,0.1250,0.8750,0.1200,0.1300,0.8700,0.8800,,,,
1767872109347,2026-01-08T11:35:09.347Z,2026,1,8,11,35,9,347,0.1150,0.8850,0.1100,0.1200,0.8800,0.8900,,,,
1767872118875,2026-01-08T11:35:18.875Z,2026,1,8,11,35,18,875,0.1200,0.8800,0.1100,0.1300,0.8700,0.8900,,,,
1767872119132,2026-01-08T11:35:19.132Z,2026,1,8,11,35,19,132,0.1150,0.8850,0.1100,0.1200,0.8800,0.8900,,,,
1767872121327,2026-01-08T11:35:21.327Z,2026,1,8,11,35,21,327,0.1200,0.8800,0.1100,0.1300,0.8700,0.8900,,,,
1767872121368,2026-01-08T11:35:21.368Z,2026,1,8,11,35,21,368,0.1250,0.8750,0.1200,0.1300,0.8700,0.8800,,,,
1767872123989,2026-01-08T11:35:23.989Z,2026,1,8,11,35,23,989,0.1300,0.8700,0.1200,0.1400,0.8600,0.8800,,,,
1767872124052,2026-01-08T11:35:24.052Z,2026,1,8,11,35,24,52,0.1250,0.8750,0.1200,0.1300,0.8700,0.8800,,,,
1767872124506,2026-01-08T11:35:24.506Z,2026,1,8,11,35,24,506,0.1200,0.8800,0.1100,0.1300,0.8700,0.8900,,,,
1767872124533,2026-01-08T11:35:24.533Z,2026,1,8,11,35,24,533,0.1150,0.8850,0.1100,0.1200,0.8800,0.8900,,,,
1767872124903,2026-01-08T11:35:24.903Z,2026,1,8,11,35,24,903,0.1200,0.8800,0.1100,0.1300,0.8700,0.8900,,,,
1767872125909,2026-01-08T11:35:25.909Z,2026,1,8,11,35,25,909,0.1250,0.8750,0.1200,0.1300,0.8700,0.8800,,,,
1767872128204,2026-01-08T11:35:28.204Z,2026,1,8,11,35,28,204,0.1200,0.8800,0.1100,0.1300,0.8700,0.8900,,,,
1767872128985,2026-01-08T11:35:28.985Z,2026,1,8,11,35,28,985,0.1150,0.8850,0.1100,0.1200,0.8800,0.8900,,,,
1767872130226,2026-01-08T11:35:30.226Z,2026,1,8,11,35,30,226,0.1200,0.8800,0.1100,0.1300,0.8700,0.8900,,,,
1767872131254,2026-01-08T11:35:31.254Z,2026,1,8,11,35,31,254,0.1150,0.8850,0.1100,0.1200,0.8800,0.8900,,,,
1767872132201,2026-01-08T11:35:32.201Z,2026,1,8,11,35,32,201,0.1200,0.8800,0.1100,0.1300,0.8700,0.8900,,,,
1767872132683,2026-01-08T11:35:32.683Z,2026,1,8,11,35,32,683,0.1150,0.8850,0.1100,0.1200,0.8800,0.8900,,,,
1767872133999,2026-01-08T11:35:33.999Z,2026,1,8,11,35,33,999,0.1200,0.8800,0.1100,0.1300,0.8700,0.8900,,,,
1767872134032,2026-01-08T11:35:34.032Z,2026,1,8,11,35,34,32,0.1150,0.8850,0.1100,0.1200,0.8800,0.8900,,,,
1767872144813,2026-01-08T11:35:44.813Z,2026,1,8,11,35,44,813,0.1200,0.8800,0.1100,0.1300,0.8700,0.8900,,,,
1767872144958,2026-01-08T11:35:44.958Z,2026,1,8,11,35,44,958,0.1250,0.8750,0.1200,0.1300,0.8700,0.8800,,,,
1767872145010,2026-01-08T11:35:45.010Z,2026,1,8,11,35,45,10,0.1300,0.8700,0.1200,0.1400,0.8600,0.8800,,,,
1767872145040,2026-01-08T11:35:45.040Z,2026,1,8,11,35,45,40,0.1250,0.8750,0.1200,0.1300,0.8700,0.8800,,,,
1767872145073,2026-01-08T11:35:45.073Z,2026,1,8,11,35,45,73,0.1300,0.8700,0.1200,0.1400,0.8600,0.8800,,,,
1767872145150,2026-01-08T11:35:45.150Z,2026,1,8,11,35,45,150,0.1250,0.8750,0.1200,0.1300,0.8700,0.8800,,,,
1767872145206,2026-01-08T11:35:45.206Z,2026,1,8,11,35,45,206,0.1300,0.8700,0.1200,0.1400,0.8600,0.8800,,,,
1767872145243,2026-01-08T11:35:45.243Z,2026,1,8,11,35,45,243,0.1250,0.8750,0.1200,0.1300,0.8700,0.8800,,,,
1767872145268,2026-01-08T11:35:45.268Z,2026,1,8,11,35,45,268,0.1300,0.8700,0.1200,0.1400,0.8600,0.8800,,,,
1767872145270,2026-01-08T11:35:45.270Z,2026,1,8,11,35,45,270,0.1250,0.8750,0.1200,0.1300,0.8700,0.8800,,,,
1767872145306,2026-01-08T11:35:45.306Z,2026,1,8,11,35,45,306,0.1300,0.8700,0.1200,0.1400,0.8600,0.8800,,,,
1767872146073,2026-01-08T11:35:46.073Z,2026,1,8,11,35,46,73,0.1250,0.8750,0.1200,0.1300,0.8700,0.8800,,,,
1767872146193,2026-01-08T11:35:46.193Z,2026,1,8,11,35,46,193,0.1200,0.8800,0.1100,0.1300,0.8700,0.8900,,,,
1767872150449,2026-01-08T11:35:50.449Z,2026,1,8,11,35,50,449,0.1150,0.8850,0.1100,0.1200,0.8800,0.8900,,,,
1767872151021,2026-01-08T11:35:51.021Z,2026,1,8,11,35,51,21,0.1100,0.8900,0.1000,0.1200,0.8800,0.9000,,,,
1767872152444,2026-01-08T11:35:52.444Z,2026,1,8,11,35,52,444,0.1050,0.8950,0.1000,0.1100,0.8900,0.9000,,,,
1767872152512,2026-01-08T11:35:52.512Z,2026,1,8,11,35,52,512,0.1100,0.8900,0.1000,0.1200,0.8800,0.9000,,,,
1767872153101,2026-01-08T11:35:53.101Z,2026,1,8,11,35,53,101,0.1150,0.8850,0.1100,0.1200,0.8800,0.8900,,,,
1767872153788,2026-01-08T11:35:53.788Z,2026,1,8,11,35,53,788,0.1100,0.8900,0.1000,0.1200,0.8800,0.9000,,,,
1767872154394,2026-01-08T11:35:54.394Z,2026,1,8,11,35,54,394,0.1150,0.8850,0.1100,0.1200,0.8800,0.8900,,,,
1767872155166,2026-01-08T11:35:55.166Z,2026,1,8,11,35,55,166,0.1100,0.8900,0.1000,0.1200,0.8800,0.9000,,,,
1767872156053,2026-01-08T11:35:56.053Z,2026,1,8,11,35,56,53,0.1050,0.8950,0.1000,0.1100,0.8900,0.9000,,,,
1767872156180,2026-01-08T11:35:56.180Z,2026,1,8,11,35,56,180,0.1100,0.8900,0.1000,0.1200,0.8800,0.9000,,,,
1767872159981,2026-01-08T11:35:59.981Z,2026,1,8,11,35,59,981,0.1150,0.8850,0.1100,0.1200,0.8800,0.8900,,,,
1767872160016,2026-01-08T11:36:00.016Z,2026,1,8,11,36,0,16,0.1100,0.8900,0.1000,0.1200,0.8800,0.9000,,,,
1767872160629,2026-01-08T11:36:00.629Z,2026,1,8,11,36,0,629,0.1150,0.8850,0.1100,0.1200,0.8800,0.8900,,,,
1767872161477,2026-01-08T11:36:01.477Z,2026,1,8,11,36,1,477,0.1200,0.8800,0.1100,0.1300,0.8700,0.8900,,,,
1767872162584,2026-01-08T11:36:02.584Z,2026,1,8,11,36,2,584,0.1250,0.8750,0.1200,0.1300,0.8700,0.8800,,,,
1767872163066,2026-01-08T11:36:03.066Z,2026,1,8,11,36,3,66,0.1300,0.8700,0.1200,0.1400,0.8600,0.8800,,,,
1767872163141,2026-01-08T11:36:03.141Z,2026,1,8,11,36,3,141,0.1250,0.8750,0.1200,0.1300,0.8700,0.8800,,,,
1767872163249,2026-01-08T11:36:03.249Z,2026,1,8,11,36,3,249,0.1300,0.8700,0.1200,0.1400,0.8600,0.8800,,,,
1767872164445,2026-01-08T11:36:04.445Z,2026,1,8,11,36,4,445,0.1250,0.8750,0.1100,0.1400,0.8600,0.8900,,,,
1767872164503,2026-01-08T11:36:04.503Z,2026,1,8,11,36,4,503,0.1300,0.8700,0.1200,0.1400,0.8600,0.8800,,,,
1767872164573,2026-01-08T11:36:04.573Z,2026,1,8,11,36,4,573,0.1250,0.8750,0.1200,0.1300,0.8700,0.8800,,,,
1767872164576,2026-01-08T11:36:04.576Z,2026,1,8,11,36,4,576,0.1200,0.8800,0.1100,0.1300,0.8700,0.8900,,,,
1767872166318,2026-01-08T11:36:06.318Z,2026,1,8,11,36,6,318,0.1150,0.8850,0.1100,0.1200,0.8800,0.8900,,,,
1767872166550,2026-01-08T11:36:06.550Z,2026,1,8,11,36,6,550,0.1100,0.8900,0.1000,0.1200,0.8800,0.9000,,,,
1767872166942,2026-01-08T11:36:06.942Z,2026,1,8,11,36,6,942,0.1150,0.8850,0.1100,0.1200,0.8800,0.8900,,,,
1767872168881,2026-01-08T11:36:08.881Z,2026,1,8,11,36,8,881,0.1100,0.8900,0.1000,0.1200,0.8800,0.9000,,,,
1767872170819,2026-01-08T11:36:10.819Z,2026,1,8,11,36,10,819,0.1050,0.8950,0.1000,0.1100,0.8900,0.9000,,,,
1767872187205,2026-01-08T11:36:27.205Z,2026,1,8,11,36,27,205,0.0950,0.9050,0.0900,0.1000,0.9000,0.9100,,,,
1767872187295,2026-01-08T11:36:27.295Z,2026,1,8,11,36,27,295,0.1000,0.9000,0.0900,0.1100,0.8900,0.9100,,,,
1767872187806,2026-01-08T11:36:27.806Z,2026,1,8,11,36,27,806,0.1050,0.8950,0.1000,0.1100,0.8900,0.9000,,,,
1767872190900,2026-01-08T11:36:30.900Z,2026,1,8,11,36,30,900,0.1100,0.8900,0.1000,0.1200,0.8800,0.9000,,,,
1767872190929,2026-01-08T11:36:30.929Z,2026,1,8,11,36,30,929,0.1150,0.8850,0.1100,0.1200,0.8800,0.8900,,,,
1767872191245,2026-01-08T11:36:31.245Z,2026,1,8,11,36,31,245,0.1200,0.8800,0.1100,0.1300,0.8700,0.8900,,,,
1767872191265,2026-01-08T11:36:31.265Z,2026,1,8,11,36,31,265,0.1250,0.8750,0.1200,0.1300,0.8700,0.8800,,,,
1767872191587,2026-01-08T11:36:31.587Z,2026,1,8,11,36,31,587,0.1200,0.8800,0.1100,0.1300,0.8700,0.8900,,,,
1767872193627,2026-01-08T11:36:33.627Z,2026,1,8,11,36,33,627,0.1150,0.8850,0.1000,0.1300,0.8700,0.9000,,,,
1767872194043,2026-01-08T11:36:34.043Z,2026,1,8,11,36,34,43,0.1100,0.8900,0.1000,0.1200,0.8800,0.9000,,,,
1767872196052,2026-01-08T11:36:36.052Z,2026,1,8,11,36,36,52,0.1150,0.8850,0.1000,0.1300,0.8700,0.9000,,,,
1767872196131,2026-01-08T11:36:36.131Z,2026,1,8,11,36,36,131,0.1200,0.8800,0.1100,0.1300,0.8700,0.8900,,,,
1767872196298,2026-01-08T11:36:36.298Z,2026,1,8,11,36,36,298,0.1150,0.8850,0.1100,0.1200,0.8800,0.8900,,,,
1767872197711,2026-01-08T11:36:37.711Z,2026,1,8,11,36,37,711,0.1200,0.8800,0.1100,0.1300,0.8700,0.8900,,,,
1767872197787,2026-01-08T11:36:37.787Z,2026,1,8,11,36,37,787,0.1150,0.8850,0.1100,0.1200,0.8800,0.8900,,,,
1767872198157,2026-01-08T11:36:38.157Z,2026,1,8,11,36,38,157,0.1100,0.8900,0.1000,0.1200,0.8800,0.9000,,,,
1767872199407,2026-01-08T11:36:39.407Z,2026,1,8,11,36,39,407,0.1150,0.8850,0.1100,0.1200,0.8800,0.8900,,,,
1767872200164,2026-01-08T11:36:40.164Z,2026,1,8,11,36,40,164,0.1200,0.8800,0.1100,0.1300,0.8700,0.8900,,,,
1767872202411,2026-01-08T11:36:42.411Z,2026,1,8,11,36,42,411,0.1150,0.8850,0.1100,0.1200,0.8800,0.8900,,,,
1767872202959,2026-01-08T11:36:42.959Z,2026,1,8,11,36,42,959,0.1200,0.8800,0.1100,0.1300,0.8700,0.8900,,,,
1767872203012,2026-01-08T11:36:43.012Z,2026,1,8,11,36,43,12,0.1150,0.8850,0.1100,0.1200,0.8800,0.8900,,,,
1767872203710,2026-01-08T11:36:43.710Z,2026,1,8,11,36,43,710,0.1200,0.8800,0.1100,0.1300,0.8700,0.8900,,,,
1767872203740,2026-01-08T11:36:43.740Z,2026,1,8,11,36,43,740,0.1250,0.8750,0.1100,0.1400,0.8600,0.8900,,,,
1767872203780,2026-01-08T11:36:43.780Z,2026,1,8,11,36,43,780,0.1300,0.8700,0.1200,0.1400,0.8600,0.8800,,,,
1767872203813,2026-01-08T11:36:43.813Z,2026,1,8,11,36,43,813,0.1250,0.8750,0.1200,0.1300,0.8700,0.8800,,,,
1767872204764,2026-01-08T11:36:44.764Z,2026,1,8,11,36,44,764,0.1200,0.8800,0.1100,0.1300,0.8700,0.8900,,,,
1767872207185,2026-01-08T11:36:47.185Z,2026,1,8,11,36,47,185,0.1150,0.8850,0.1100,0.1200,0.8800,0.8900,,,,
1767872207590,2026-01-08T11:36:47.590Z,2026,1,8,11,36,47,590,0.1200,0.8800,0.1100,0.1300,0.8700,0.8900,,,,
1767872208608,2026-01-08T11:36:48.608Z,2026,1,8,11,36,48,608,0.1150,0.8850,0.1100,0.1200,0.8800,0.8900,,,,
1767872211264,2026-01-08T11:36:51.264Z,2026,1,8,11,36,51,264,0.1200,0.8800,0.1100,0.1300,0.8700,0.8900,,,,
1767872213624,2026-01-08T11:36:53.624Z,2026,1,8,11,36,53,624,0.1250,0.8750,0.1200,0.1300,0.8700,0.8800,,,,
1767872213793,2026-01-08T11:36:53.793Z,2026,1,8,11,36,53,793,0.1300,0.8700,0.1200,0.1400,0.8600,0.8800,,,,
1767872219533,2026-01-08T11:36:59.533Z,2026,1,8,11,36,59,533,0.1250,0.8750,0.1200,0.1300,0.8700,0.8800,,,,
1767872219659,2026-01-08T11:36:59.659Z,2026,1,8,11,36,59,659,0.1200,0.8800,0.1100,0.1300,0.8700,0.8900,,,,
1767872220364,2026-01-08T11:37:00.364Z,2026,1,8,11,37,0,364,0.1250,0.8750,0.1100,0.1400,0.8600,0.8900,,,,
1767872220404,2026-01-08T11:37:00.404Z,2026,1,8,11,37,0,404,0.1200,0.8800,0.1100,0.1300,0.8700,0.8900,,,,
1767872220417,2026-01-08T11:37:00.417Z,2026,1,8,11,37,0,417,0.1250,0.8750,0.1200,0.1300,0.8700,0.8800,,,,
1767872221028,2026-01-08T11:37:01.028Z,2026,1,8,11,37,1,28,0.1200,0.8800,0.1100,0.1300,0.8700,0.8900,,,,
1767872222928,2026-01-08T11:37:02.928Z,2026,1,8,11,37,2,928,0.1150,0.8850,0.1100,0.1200,0.8800,0.8900,,,,
1767872226155,2026-01-08T11:37:06.155Z,2026,1,8,11,37,6,155,0.1100,0.8900,0.1000,0.1200,0.8800,0.9000,,,,
1767872227397,2026-01-08T11:37:07.397Z,2026,1,8,11,37,7,397,0.1050,0.8950,0.1000,0.1100,0.8900,0.9000,,,,
1767872227552,2026-01-08T11:37:07.552Z,2026,1,8,11,37,7,552,0.1100,0.8900,0.1000,0.1200,0.8800,0.9000,,,,
1767872227626,2026-01-08T11:37:07.626Z,2026,1,8,11,37,7,626,0.1050,0.8950,0.1000,0.1100,0.8900,0.9000,,,,
1767872241885,2026-01-08T11:37:21.885Z,2026,1,8,11,37,21,885,0.1100,0.8900,0.1000,0.1200,0.8800,0.9000,,,,
1767872245283,2026-01-08T11:37:25.283Z,2026,1,8,11,37,25,283,0.1150,0.8850,0.1100,0.1200,0.8800,0.8900,,,,
1767872245501,2026-01-08T11:37:25.501Z,2026,1,8,11,37,25,501,0.1100,0.8900,0.1000,0.1200,0.8800,0.9000,,,,
1767872247783,2026-01-08T11:37:27.783Z,2026,1,8,11,37,27,783,0.1150,0.8850,0.1100,0.1200,0.8800,0.8900,,,,
1767872249652,2026-01-08T11:37:29.652Z,2026,1,8,11,37,29,652,0.1100,0.8900,0.1000,0.1200,0.8800,0.9000,,,,
1767872250408,2026-01-08T11:37:30.408Z,2026,1,8,11,37,30,408,0.1050,0.8950,0.1000,0.1100,0.8900,0.9000,,,,
1767872255797,2026-01-08T11:37:35.797Z,2026,1,8,11,37,35,797,0.1100,0.8900,0.1000,0.1200,0.8800,0.9000,,,,
1767872256059,2026-01-08T11:37:36.059Z,2026,1,8,11,37,36,59,0.1150,0.8850,0.1100,0.1200,0.8800,0.8900,,,,
1767872258793,2026-01-08T11:37:38.793Z,2026,1,8,11,37,38,793,0.1200,0.8800,0.1100,0.1300,0.8700,0.8900,,,,
1767872265741,2026-01-08T11:37:45.741Z,2026,1,8,11,37,45,741,0.1150,0.8850,0.1100,0.1200,0.8800,0.8900,,,,
1767872266642,2026-01-08T11:37:46.642Z,2026,1,8,11,37,46,642,0.1100,0.8900,0.1000,0.1200,0.8800,0.9000,,,,
1767872266703,2026-01-08T11:37:46.703Z,2026,1,8,11,37,46,703,0.1050,0.8950,0.1000,0.1100,0.8900,0.9000,,,,
1767872269101,2026-01-08T11:37:49.101Z,2026,1,8,11,37,49,101,0.1100,0.8900,0.1000,0.1200,0.8800,0.9000,,,,
1767872271589,2026-01-08T11:37:51.589Z,2026,1,8,11,37,51,589,0.1150,0.8850,0.1000,0.1300,0.8700,0.9000,,,,
1767872271629,2026-01-08T11:37:51.629Z,2026,1,8,11,37,51,629,0.1100,0.8900,0.1000,0.1200,0.8800,0.9000,,,,
1767872280846,2026-01-08T11:38:00.846Z,2026,1,8,11,38,0,846,0.1150,0.8850,0.1100,0.1200,0.8800,0.8900,,,,
1767872284023,2026-01-08T11:38:04.023Z,2026,1,8,11,38,4,23,0.1100,0.8900,0.1000,0.1200,0.8800,0.9000,,,,
1767872286199,2026-01-08T11:38:06.199Z,2026,1,8,11,38,6,199,0.1050,0.8950,0.1000,0.1100,0.8900,0.9000,,,,
1767872286230,2026-01-08T11:38:06.230Z,2026,1,8,11,38,6,230,0.1100,0.8900,0.1000,0.1200,0.8800,0.9000,,,,
1767872286249,2026-01-08T11:38:06.249Z,2026,1,8,11,38,6,249,0.1050,0.8950,0.1000,0.1100,0.8900,0.9000,,,,
1767872286272,2026-01-08T11:38:06.272Z,2026,1,8,11,38,6,272,0.1100,0.8900,0.1000,0.1200,0.8800,0.9000,,,,
1767872286285,2026-01-08T11:38:06.285Z,2026,1,8,11,38,6,285,0.1050,0.8950,0.1000,0.1100,0.8900,0.9000,,,,
1767872286897,2026-01-08T11:38:06.897Z,2026,1,8,11,38,6,897,0.1000,0.9000,0.0900,0.1100,0.8900,0.9100,,,,
1767872293006,2026-01-08T11:38:13.006Z,2026,1,8,11,38,13,6,0.0950,0.9050,0.0900,0.1000,0.9000,0.9100,,,,
1767872293818,2026-01-08T11:38:13.818Z,2026,1,8,11,38,13,818,0.0850,0.9150,0.0700,0.1000,0.9000,0.9300,,,,
1767872294017,2026-01-08T11:38:14.017Z,2026,1,8,11,38,14,17,0.0800,0.9200,0.0700,0.0900,0.9100,0.9300,,,,
1767872300473,2026-01-08T11:38:20.473Z,2026,1,8,11,38,20,473,0.0850,0.9150,0.0800,0.0900,0.9100,0.9200,,,,
1767872301070,2026-01-08T11:38:21.070Z,2026,1,8,11,38,21,70,0.0800,0.9200,0.0700,0.0900,0.9100,0.9300,,,,
1767872301099,2026-01-08T11:38:21.099Z,2026,1,8,11,38,21,99,0.0750,0.9250,0.0700,0.0800,0.9200,0.9300,,,,
1767872390238,2026-01-08T11:39:50.238Z,2026,1,8,11,39,50,238,0.0700,0.9300,0.0600,0.0800,0.9200,0.9400,,,,
1767872390263,2026-01-08T11:39:50.263Z,2026,1,8,11,39,50,263,0.0650,0.9350,0.0600,0.0700,0.9300,0.9400,,,,
1767872390724,2026-01-08T11:39:50.724Z,2026,1,8,11,39,50,724,0.0550,0.9450,0.0400,0.0700,0.9300,0.9600,,,,
1767872391256,2026-01-08T11:39:51.256Z,2026,1,8,11,39,51,256,0.0500,0.9500,0.0400,0.0600,0.9400,0.9600,,,,
1767872391319,2026-01-08T11:39:51.319Z,2026,1,8,11,39,51,319,0.0550,0.9450,0.0400,0.0700,0.9300,0.9600,,,,
1767872391371,2026-01-08T11:39:51.371Z,2026,1,8,11,39,51,371,0.0500,0.9500,0.0400,0.0600,0.9400,0.9600,,,,
1767872392587,2026-01-08T11:39:52.587Z,2026,1,8,11,39,52,587,0.0550,0.9450,0.0500,0.0600,0.9400,0.9500,,,,
1767872400732,2026-01-08T11:40:00.732Z,2026,1,8,11,40,0,732,0.0500,0.9500,0.0400,0.0600,0.9400,0.9600,,,,
1767872400783,2026-01-08T11:40:00.783Z,2026,1,8,11,40,0,783,0.0450,0.9550,0.0400,0.0500,0.9500,0.9600,,,,
1767872401319,2026-01-08T11:40:01.319Z,2026,1,8,11,40,1,319,0.0500,0.9500,0.0400,0.0600,0.9400,0.9600,,,,
1767872401377,2026-01-08T11:40:01.377Z,2026,1,8,11,40,1,377,0.0450,0.9550,0.0400,0.0500,0.9500,0.9600,,,,
1767872402053,2026-01-08T11:40:02.053Z,2026,1,8,11,40,2,53,0.0550,0.9450,0.0500,0.0600,0.9400,0.9500,,,,
1767872430410,2026-01-08T11:40:30.410Z,2026,1,8,11,40,30,410,0.0600,0.9400,0.0500,0.0700,0.9300,0.9500,,,,
1767872430544,2026-01-08T11:40:30.544Z,2026,1,8,11,40,30,544,0.0650,0.9350,0.0600,0.0700,0.9300,0.9400,,,,
1767872431389,2026-01-08T11:40:31.389Z,2026,1,8,11,40,31,389,0.0600,0.9400,0.0500,0.0700,0.9300,0.9500,,,,
1767872431465,2026-01-08T11:40:31.465Z,2026,1,8,11,40,31,465,0.0650,0.9350,0.0600,0.0700,0.9300,0.9400,,,,
1767872431705,2026-01-08T11:40:31.705Z,2026,1,8,11,40,31,705,0.0600,0.9400,0.0500,0.0700,0.9300,0.9500,,,,
1767872431892,2026-01-08T11:40:31.892Z,2026,1,8,11,40,31,892,0.0650,0.9350,0.0600,0.0700,0.9300,0.9400,,,,
1767872431948,2026-01-08T11:40:31.948Z,2026,1,8,11,40,31,948,0.0600,0.9400,0.0500,0.0700,0.9300,0.9500,,,,
1767872433481,2026-01-08T11:40:33.481Z,2026,1,8,11,40,33,481,0.0650,0.9350,0.0600,0.0700,0.9300,0.9400,,,,
1767872434459,2026-01-08T11:40:34.459Z,2026,1,8,11,40,34,459,0.0700,0.9300,0.0600,0.0800,0.9200,0.9400,,,,
1767872434601,2026-01-08T11:40:34.601Z,2026,1,8,11,40,34,601,0.0650,0.9350,0.0600,0.0700,0.9300,0.9400,,,,
1767872434691,2026-01-08T11:40:34.691Z,2026,1,8,11,40,34,691,0.0700,0.9300,0.0600,0.0800,0.9200,0.9400,,,,
1767872435481,2026-01-08T11:40:35.481Z,2026,1,8,11,40,35,481,0.0750,0.9250,0.0700,0.0800,0.9200,0.9300,,,,
1767872437240,2026-01-08T11:40:37.240Z,2026,1,8,11,40,37,240,0.0800,0.9200,0.0700,0.0900,0.9100,0.9300,,,,
1767872437313,2026-01-08T11:40:37.313Z,2026,1,8,11,40,37,313,0.0750,0.9250,0.0700,0.0800,0.9200,0.9300,,,,
1767872438599,2026-01-08T11:40:38.599Z,2026,1,8,11,40,38,599,0.0800,0.9200,0.0700,0.0900,0.9100,0.9300,,,,
1767872438704,2026-01-08T11:40:38.704Z,2026,1,8,11,40,38,704,0.0750,0.9250,0.0700,0.0800,0.9200,0.9300,,,,
1767872442296,2026-01-08T11:40:42.296Z,2026,1,8,11,40,42,296,0.0800,0.9200,0.0700,0.0900,0.9100,0.9300,,,,
1767872442426,2026-01-08T11:40:42.426Z,2026,1,8,11,40,42,426,0.0850,0.9150,0.0800,0.0900,0.9100,0.9200,,,,
1767872447771,2026-01-08T11:40:47.771Z,2026,1,8,11,40,47,771,0.0900,0.9100,0.0800,0.1000,0.9000,0.9200,,,,
1767872447827,2026-01-08T11:40:47.827Z,2026,1,8,11,40,47,827,0.0950,0.9050,0.0900,0.1000,0.9000,0.9100,,,,
1767872452745,2026-01-08T11:40:52.745Z,2026,1,8,11,40,52,745,0.1050,0.8950,0.1000,0.1100,0.8900,0.9000,,,,
1767872453304,2026-01-08T11:40:53.304Z,2026,1,8,11,40,53,304,0.1000,0.9000,0.0900,0.1100,0.8900,0.9100,,,,
1767872453331,2026-01-08T11:40:53.331Z,2026,1,8,11,40,53,331,0.0950,0.9050,0.0900,0.1000,0.9000,0.9100,,,,
1767872453630,2026-01-08T11:40:53.630Z,2026,1,8,11,40,53,630,0.1000,0.9000,0.0900,0.1100,0.8900,0.9100,,,,
1767872453836,2026-01-08T11:40:53.836Z,2026,1,8,11,40,53,836,0.1050,0.8950,0.1000,0.1100,0.8900,0.9000,,,,
1767872453876,2026-01-08T11:40:53.876Z,2026,1,8,11,40,53,876,0.1100,0.8900,0.1000,0.1200,0.8800,0.9000,,,,
1767872453896,2026-01-08T11:40:53.896Z,2026,1,8,11,40,53,896,0.1150,0.8850,0.1000,0.1300,0.8700,0.9000,,,,
1767872453912,2026-01-08T11:40:53.912Z,2026,1,8,11,40,53,912,0.1200,0.8800,0.1100,0.1300,0.8700,0.8900,,,,
1767872453940,2026-01-08T11:40:53.940Z,2026,1,8,11,40,53,940,0.1250,0.8750,0.1200,0.1300,0.8700,0.8800,,,,
1767872453997,2026-01-08T11:40:53.997Z,2026,1,8,11,40,53,997,0.1200,0.8800,0.1100,0.1300,0.8700,0.8900,,,,
1767872454444,2026-01-08T11:40:54.444Z,2026,1,8,11,40,54,444,0.1150,0.8850,0.1100,0.1200,0.8800,0.8900,,,,
1767872455281,2026-01-08T11:40:55.281Z,2026,1,8,11,40,55,281,0.1100,0.8900,0.1000,0.1200,0.8800,0.9000,,,,
1767872455310,2026-01-08T11:40:55.310Z,2026,1,8,11,40,55,310,0.1050,0.8950,0.1000,0.1100,0.8900,0.9000,,,,
1767872458084,2026-01-08T11:40:58.084Z,2026,1,8,11,40,58,84,0.1150,0.8850,0.1100,0.1200,0.8800,0.8900,,,,
1767872460932,2026-01-08T11:41:00.932Z,2026,1,8,11,41,0,932,0.1100,0.8900,0.1000,0.1200,0.8800,0.9000,,,,
1767872461993,2026-01-08T11:41:01.993Z,2026,1,8,11,41,1,993,0.1050,0.8950,0.1000,0.1100,0.8900,0.9000,,,,
1767872462644,2026-01-08T11:41:02.644Z,2026,1,8,11,41,2,644,0.1000,0.9000,0.0900,0.1100,0.8900,0.9100,,,,
1767872462668,2026-01-08T11:41:02.668Z,2026,1,8,11,41,2,668,0.0950,0.9050,0.0900,0.1000,0.9000,0.9100,,,,
1767872462920,2026-01-08T11:41:02.920Z,2026,1,8,11,41,2,920,0.1000,0.9000,0.0900,0.1100,0.8900,0.9100,,,,
1767872463017,2026-01-08T11:41:03.017Z,2026,1,8,11,41,3,17,0.0950,0.9050,0.0900,0.1000,0.9000,0.9100,,,,
1767872463470,2026-01-08T11:41:03.470Z,2026,1,8,11,41,3,470,0.0900,0.9100,0.0800,0.1000,0.9000,0.9200,,,,
1767872468260,2026-01-08T11:41:08.260Z,2026,1,8,11,41,8,260,0.0850,0.9150,0.0800,0.0900,0.9100,0.9200,,,,
1767872468964,2026-01-08T11:41:08.964Z,2026,1,8,11,41,8,964,0.0800,0.9200,0.0700,0.0900,0.9100,0.9300,,,,
1767872472339,2026-01-08T11:41:12.339Z,2026,1,8,11,41,12,339,0.0850,0.9150,0.0800,0.0900,0.9100,0.9200,,,,
1767872475088,2026-01-08T11:41:15.088Z,2026,1,8,11,41,15,88,0.0800,0.9200,0.0700,0.0900,0.9100,0.9300,,,,
1767872475349,2026-01-08T11:41:15.349Z,2026,1,8,11,41,15,349,0.0850,0.9150,0.0800,0.0900,0.9100,0.9200,,,,
1767872475392,2026-01-08T11:41:15.392Z,2026,1,8,11,41,15,392,0.0900,0.9100,0.0800,0.1000,0.9000,0.9200,,,,
1767872475468,2026-01-08T11:41:15.468Z,2026,1,8,11,41,15,468,0.0950,0.9050,0.0900,0.1000,0.9000,0.9100,,,,
1767872475569,2026-01-08T11:41:15.569Z,2026,1,8,11,41,15,569,0.1000,0.9000,0.0900,0.1100,0.8900,0.9100,,,,
1767872475914,2026-01-08T11:41:15.914Z,2026,1,8,11,41,15,914,0.0950,0.9050,0.0900,0.1000,0.9000,0.9100,,,,
1767872476058,2026-01-08T11:41:16.058Z,2026,1,8,11,41,16,58,0.1000,0.9000,0.0900,0.1100,0.8900,0.9100,,,,
1767872476750,2026-01-08T11:41:16.750Z,2026,1,8,11,41,16,750,0.0950,0.9050,0.0900,0.1000,0.9000,0.9100,,,,
1767872476822,2026-01-08T11:41:16.822Z,2026,1,8,11,41,16,822,0.1000,0.9000,0.0900,0.1100,0.8900,0.9100,,,,
1767872477379,2026-01-08T11:41:17.379Z,2026,1,8,11,41,17,379,0.0950,0.9050,0.0900,0.1000,0.9000,0.9100,,,,
1767872477407,2026-01-08T11:41:17.407Z,2026,1,8,11,41,17,407,0.1000,0.9000,0.0900,0.1100,0.8900,0.9100,,,,
1767872477497,2026-01-08T11:41:17.497Z,2026,1,8,11,41,17,497,0.0950,0.9050,0.0900,0.1000,0.9000,0.9100,,,,
1767872478829,2026-01-08T11:41:18.829Z,2026,1,8,11,41,18,829,0.1000,0.9000,0.0900,0.1100,0.8900,0.9100,,,,
1767872480871,2026-01-08T11:41:20.871Z,2026,1,8,11,41,20,871,0.1050,0.8950,0.1000,0.1100,0.8900,0.9000,,,,
1767872481926,2026-01-08T11:41:21.926Z,2026,1,8,11,41,21,926,0.1000,0.9000,0.0900,0.1100,0.8900,0.9100,,,,
1767872482535,2026-01-08T11:41:22.535Z,2026,1,8,11,41,22,535,0.1050,0.8950,0.1000,0.1100,0.8900,0.9000,,,,
1767872484605,2026-01-08T11:41:24.605Z,2026,1,8,11,41,24,605,0.1250,0.8750,0.1100,0.1400,0.8600,0.8900,,,,
1767872484609,2026-01-08T11:41:24.609Z,2026,1,8,11,41,24,609,0.1300,0.8700,0.1200,0.1400,0.8600,0.8800,,,,
1767872484653,2026-01-08T11:41:24.653Z,2026,1,8,11,41,24,653,0.1250,0.8750,0.1200,0.1300,0.8700,0.8800,,,,
1767872485249,2026-01-08T11:41:25.249Z,2026,1,8,11,41,25,249,0.1300,0.8700,0.1200,0.1400,0.8600,0.8800,,,,
1767872485300,2026-01-08T11:41:25.300Z,2026,1,8,11,41,25,300,0.1350,0.8650,0.1300,0.1400,0.8600,0.8700,,,,
1767872486114,2026-01-08T11:41:26.114Z,2026,1,8,11,41,26,114,0.1500,0.8500,0.1400,0.1600,0.8400,0.8600,,,,
1767872486140,2026-01-08T11:41:26.140Z,2026,1,8,11,41,26,140,0.1450,0.8550,0.1400,0.1500,0.8500,0.8600,,,,
1767872486569,2026-01-08T11:41:26.569Z,2026,1,8,11,41,26,569,0.1400,0.8600,0.1300,0.1500,0.8500,0.8700,,,,
1767872486598,2026-01-08T11:41:26.598Z,2026,1,8,11,41,26,598,0.1350,0.8650,0.1300,0.1400,0.8600,0.8700,,,,
1767872486784,2026-01-08T11:41:26.784Z,2026,1,8,11,41,26,784,0.1300,0.8700,0.1200,0.1400,0.8600,0.8800,,,,
1767872487937,2026-01-08T11:41:27.937Z,2026,1,8,11,41,27,937,0.1250,0.8750,0.1200,0.1300,0.8700,0.8800,,,,
1767872492594,2026-01-08T11:41:32.594Z,2026,1,8,11,41,32,594,0.1200,0.8800,0.1100,0.1300,0.8700,0.8900,,,,
1767872492623,2026-01-08T11:41:32.623Z,2026,1,8,11,41,32,623,0.1150,0.8850,0.1100,0.1200,0.8800,0.8900,,,,
1767872506837,2026-01-08T11:41:46.837Z,2026,1,8,11,41,46,837,0.1200,0.8800,0.1100,0.1300,0.8700,0.8900,,,,
1767872506884,2026-01-08T11:41:46.884Z,2026,1,8,11,41,46,884,0.1250,0.8750,0.1200,0.1300,0.8700,0.8800,,,,
1767872506947,2026-01-08T11:41:46.947Z,2026,1,8,11,41,46,947,0.1200,0.8800,0.1100,0.1300,0.8700,0.8900,,,,
1767872507048,2026-01-08T11:41:47.048Z,2026,1,8,11,41,47,48,0.1250,0.8750,0.1200,0.1300,0.8700,0.8800,,,,
1767872512512,2026-01-08T11:41:52.512Z,2026,1,8,11,41,52,512,0.1300,0.8700,0.1200,0.1400,0.8600,0.8800,,,,
1767872512581,2026-01-08T11:41:52.581Z,2026,1,8,11,41,52,581,0.1350,0.8650,0.1300,0.1400,0.8600,0.8700,,,,
1767872520870,2026-01-08T11:42:00.870Z,2026,1,8,11,42,0,870,0.1450,0.8550,0.1300,0.1600,0.8400,0.8700,,,,
1767872521849,2026-01-08T11:42:01.849Z,2026,1,8,11,42,1,849,0.1500,0.8500,0.1400,0.1600,0.8400,0.8600,,,,
1767872522047,2026-01-08T11:42:02.047Z,2026,1,8,11,42,2,47,0.1450,0.8550,0.1300,0.1600,0.8400,0.8700,,,,
1767872522150,2026-01-08T11:42:02.150Z,2026,1,8,11,42,2,150,0.1500,0.8500,0.1400,0.1600,0.8400,0.8600,,,,
1767872522246,2026-01-08T11:42:02.246Z,2026,1,8,11,42,2,246,0.1450,0.8550,0.1300,0.1600,0.8400,0.8700,,,,
1767872522603,2026-01-08T11:42:02.603Z,2026,1,8,11,42,2,603,0.1500,0.8500,0.1400,0.1600,0.8400,0.8600,,,,
1767872522715,2026-01-08T11:42:02.715Z,2026,1,8,11,42,2,715,0.1450,0.8550,0.1300,0.1600,0.8400,0.8700,,,,
1767872522883,2026-01-08T11:42:02.883Z,2026,1,8,11,42,2,883,0.1500,0.8500,0.1400,0.1600,0.8400,0.8600,,,,
1767872523445,2026-01-08T11:42:03.445Z,2026,1,8,11,42,3,445,0.1450,0.8550,0.1300,0.1600,0.8400,0.8700,,,,
1767872523574,2026-01-08T11:42:03.574Z,2026,1,8,11,42,3,574,0.1400,0.8600,0.1300,0.1500,0.8500,0.8700,,,,
1767872525576,2026-01-08T11:42:05.576Z,2026,1,8,11,42,5,576,0.1450,0.8550,0.1300,0.1600,0.8400,0.8700,,,,
1767872525634,2026-01-08T11:42:05.634Z,2026,1,8,11,42,5,634,0.1500,0.8500,0.1400,0.1600,0.8400,0.8600,,,,
1767872526032,2026-01-08T11:42:06.032Z,2026,1,8,11,42,6,32,0.1450,0.8550,0.1400,0.1500,0.8500,0.8600,,,,
1767872526740,2026-01-08T11:42:06.740Z,2026,1,8,11,42,6,740,0.1500,0.8500,0.1400,0.1600,0.8400,0.8600,,,,
1767872527850,2026-01-08T11:42:07.850Z,2026,1,8,11,42,7,850,0.1550,0.8450,0.1400,0.1700,0.8300,0.8600,,,,
1767872527937,2026-01-08T11:42:07.937Z,2026,1,8,11,42,7,937,0.1600,0.8400,0.1500,0.1700,0.8300,0.8500,,,,
1767872528272,2026-01-08T11:42:08.272Z,2026,1,8,11,42,8,272,0.1650,0.8350,0.1600,0.1700,0.8300,0.8400,,,,
1767872528690,2026-01-08T11:42:08.690Z,2026,1,8,11,42,8,690,0.1600,0.8400,0.1500,0.1700,0.8300,0.8500,,,,
1767872528716,2026-01-08T11:42:08.716Z,2026,1,8,11,42,8,716,0.1650,0.8350,0.1500,0.1800,0.8200,0.8500,,,,
1767872529052,2026-01-08T11:42:09.052Z,2026,1,8,11,42,9,52,0.1600,0.8400,0.1500,0.1700,0.8300,0.8500,,,,
1767872529785,2026-01-08T11:42:09.785Z,2026,1,8,11,42,9,785,0.1650,0.8350,0.1500,0.1800,0.8200,0.8500,,,,
1767872530266,2026-01-08T11:42:10.266Z,2026,1,8,11,42,10,266,0.1700,0.8300,0.1600,0.1800,0.8200,0.8400,,,,
1767872530793,2026-01-08T11:42:10.793Z,2026,1,8,11,42,10,793,0.1650,0.8350,0.1500,0.1800,0.8200,0.8500,,,,
1767872530882,2026-01-08T11:42:10.882Z,2026,1,8,11,42,10,882,0.1700,0.8300,0.1500,0.1900,0.8100,0.8500,,,,
1767872530921,2026-01-08T11:42:10.921Z,2026,1,8,11,42,10,921,0.1650,0.8350,0.1500,0.1800,0.8200,0.8500,,,,
1767872531062,2026-01-08T11:42:11.062Z,2026,1,8,11,42,11,62,0.1600,0.8400,0.1500,0.1700,0.8300,0.8500,,,,
1767872531227,2026-01-08T11:42:11.227Z,2026,1,8,11,42,11,227,0.1550,0.8450,0.1500,0.1600,0.8400,0.8500,,,,
1767872531355,2026-01-08T11:42:11.355Z,2026,1,8,11,42,11,355,0.1500,0.8500,0.1400,0.1600,0.8400,0.8600,,,,
1767872531397,2026-01-08T11:42:11.397Z,2026,1,8,11,42,11,397,0.1450,0.8550,0.1400,0.1500,0.8500,0.8600,,,,
1767872532675,2026-01-08T11:42:12.675Z,2026,1,8,11,42,12,675,0.1500,0.8500,0.1400,0.1600,0.8400,0.8600,,,,
1767872536463,2026-01-08T11:42:16.463Z,2026,1,8,11,42,16,463,0.1450,0.8550,0.1400,0.1500,0.8500,0.8600,,,,
1767872541440,2026-01-08T11:42:21.440Z,2026,1,8,11,42,21,440,0.1500,0.8500,0.1400,0.1600,0.8400,0.8600,,,,
1767872546651,2026-01-08T11:42:26.651Z,2026,1,8,11,42,26,651,0.1550,0.8450,0.1400,0.1700,0.8300,0.8600,,,,
1767872546659,2026-01-08T11:42:26.659Z,2026,1,8,11,42,26,659,0.1500,0.8500,0.1300,0.1700,0.8300,0.8700,,,,
1767872546705,2026-01-08T11:42:26.705Z,2026,1,8,11,42,26,705,0.1450,0.8550,0.1300,0.1600,0.8400,0.8700,,,,
1767872546708,2026-01-08T11:42:26.708Z,2026,1,8,11,42,26,708,0.1400,0.8600,0.1300,0.1500,0.8500,0.8700,,,,
1767872552914,2026-01-08T11:42:32.914Z,2026,1,8,11,42,32,914,0.1350,0.8650,0.1200,0.1500,0.8500,0.8800,,,,
1767872553309,2026-01-08T11:42:33.309Z,2026,1,8,11,42,33,309,0.1300,0.8700,0.1200,0.1400,0.8600,0.8800,,,,
1767872556392,2026-01-08T11:42:36.392Z,2026,1,8,11,42,36,392,0.1350,0.8650,0.1300,0.1400,0.8600,0.8700,,,,
1767872556452,2026-01-08T11:42:36.452Z,2026,1,8,11,42,36,452,0.1400,0.8600,0.1300,0.1500,0.8500,0.8700,,,,
1767872562079,2026-01-08T11:42:42.079Z,2026,1,8,11,42,42,79,0.1350,0.8650,0.1200,0.1500,0.8500,0.8800,,,,
1767872562134,2026-01-08T11:42:42.134Z,2026,1,8,11,42,42,134,0.1400,0.8600,0.1300,0.1500,0.8500,0.8700,,,,
1767872563964,2026-01-08T11:42:43.964Z,2026,1,8,11,42,43,964,0.1350,0.8650,0.1300,0.1400,0.8600,0.8700,,,,
1767872564884,2026-01-08T11:42:44.884Z,2026,1,8,11,42,44,884,0.1400,0.8600,0.1300,0.1500,0.8500,0.8700,,,,
1767872568269,2026-01-08T11:42:48.269Z,2026,1,8,11,42,48,269,0.1350,0.8650,0.1300,0.1400,0.8600,0.8700,,,,
1767872569406,2026-01-08T11:42:49.406Z,2026,1,8,11,42,49,406,0.1300,0.8700,0.1200,0.1400,0.8600,0.8800,,,,
1767872570481,2026-01-08T11:42:50.481Z,2026,1,8,11,42,50,481,0.1400,0.8600,0.1200,0.1600,0.8400,0.8800,,,,
1767872570506,2026-01-08T11:42:50.506Z,2026,1,8,11,42,50,506,0.1350,0.8650,0.1200,0.1500,0.8500,0.8800,,,,
1767872570572,2026-01-08T11:42:50.572Z,2026,1,8,11,42,50,572,0.1300,0.8700,0.1200,0.1400,0.8600,0.8800,,,,
1767872570801,2026-01-08T11:42:50.801Z,2026,1,8,11,42,50,801,0.1250,0.8750,0.1100,0.1400,0.8600,0.8900,,,,
1767872570829,2026-01-08T11:42:50.829Z,2026,1,8,11,42,50,829,0.1300,0.8700,0.1200,0.1400,0.8600,0.8800,,,,
1767872570876,2026-01-08T11:42:50.876Z,2026,1,8,11,42,50,876,0.1250,0.8750,0.1100,0.1400,0.8600,0.8900,,,,
1767872570885,2026-01-08T11:42:50.885Z,2026,1,8,11,42,50,885,0.1300,0.8700,0.1200,0.1400,0.8600,0.8800,,,,
1767872570915,2026-01-08T11:42:50.915Z,2026,1,8,11,42,50,915,0.1250,0.8750,0.1100,0.1400,0.8600,0.8900,,,,
1767872570988,2026-01-08T11:42:50.988Z,2026,1,8,11,42,50,988,0.1300,0.8700,0.1100,0.1500,0.8500,0.8900,,,,
1767872571030,2026-01-08T11:42:51.030Z,2026,1,8,11,42,51,30,0.1250,0.8750,0.1100,0.1400,0.8600,0.8900,,,,
1767872571398,2026-01-08T11:42:51.398Z,2026,1,8,11,42,51,398,0.1200,0.8800,0.1100,0.1300,0.8700,0.8900,,,,
1767872571680,2026-01-08T11:42:51.680Z,2026,1,8,11,42,51,680,0.1250,0.8750,0.1200,0.1300,0.8700,0.8800,,,,
1767872571735,2026-01-08T11:42:51.735Z,2026,1,8,11,42,51,735,0.1300,0.8700,0.1200,0.1400,0.8600,0.8800,,,,
1767872571864,2026-01-08T11:42:51.864Z,2026,1,8,11,42,51,864,0.1250,0.8750,0.1100,0.1400,0.8600,0.8900,,,,
1767872571935,2026-01-08T11:42:51.935Z,2026,1,8,11,42,51,935,0.1350,0.8650,0.1300,0.1400,0.8600,0.8700,,,,
1767872572476,2026-01-08T11:42:52.476Z,2026,1,8,11,42,52,476,0.1300,0.8700,0.1200,0.1400,0.8600,0.8800,,,,
1767872572968,2026-01-08T11:42:52.968Z,2026,1,8,11,42,52,968,0.1250,0.8750,0.1200,0.1300,0.8700,0.8800,,,,
1767872573690,2026-01-08T11:42:53.690Z,2026,1,8,11,42,53,690,0.1300,0.8700,0.1200,0.1400,0.8600,0.8800,,,,
1767872581861,2026-01-08T11:43:01.861Z,2026,1,8,11,43,1,861,0.1350,0.8650,0.1200,0.1500,0.8500,0.8800,,,,
1767872582248,2026-01-08T11:43:02.248Z,2026,1,8,11,43,2,248,0.1300,0.8700,0.1200,0.1400,0.8600,0.8800,,,,
1767872583463,2026-01-08T11:43:03.463Z,2026,1,8,11,43,3,463,0.1250,0.8750,0.1200,0.1300,0.8700,0.8800,,,,
1767872588775,2026-01-08T11:43:08.775Z,2026,1,8,11,43,8,775,0.1300,0.8700,0.1200,0.1400,0.8600,0.8800,,,,
1767872589912,2026-01-08T11:43:09.912Z,2026,1,8,11,43,9,912,0.1250,0.8750,0.1200,0.1300,0.8700,0.8800,,,,
1767872590241,2026-01-08T11:43:10.241Z,2026,1,8,11,43,10,241,0.1300,0.8700,0.1200,0.1400,0.8600,0.8800,,,,
1767872590361,2026-01-08T11:43:10.361Z,2026,1,8,11,43,10,361,0.1250,0.8750,0.1100,0.1400,0.8600,0.8900,,,,
1767872590653,2026-01-08T11:43:10.653Z,2026,1,8,11,43,10,653,0.1200,0.8800,0.1100,0.1300,0.8700,0.8900,,,,
1767872591535,2026-01-08T11:43:11.535Z,2026,1,8,11,43,11,535,0.1250,0.8750,0.1200,0.1300,0.8700,0.8800,,,,
1767872591892,2026-01-08T11:43:11.892Z,2026,1,8,11,43,11,892,0.1400,0.8600,0.1200,0.1600,0.8400,0.8800,,,,
1767872592097,2026-01-08T11:43:12.097Z,2026,1,8,11,43,12,97,0.1350,0.8650,0.1200,0.1500,0.8500,0.8800,,,,
1767872592162,2026-01-08T11:43:12.162Z,2026,1,8,11,43,12,162,0.1300,0.8700,0.1100,0.1500,0.8500,0.8900,,,,
1767872592239,2026-01-08T11:43:12.239Z,2026,1,8,11,43,12,239,0.1350,0.8650,0.1200,0.1500,0.8500,0.8800,,,,
1767872592242,2026-01-08T11:43:12.242Z,2026,1,8,11,43,12,242,0.1400,0.8600,0.1300,0.1500,0.8500,0.8700,,,,
1767872592766,2026-01-08T11:43:12.766Z,2026,1,8,11,43,12,766,0.1350,0.8650,0.1200,0.1500,0.8500,0.8800,,,,
1767872592955,2026-01-08T11:43:12.955Z,2026,1,8,11,43,12,955,0.1400,0.8600,0.1300,0.1500,0.8500,0.8700,,,,
1767872593093,2026-01-08T11:43:13.093Z,2026,1,8,11,43,13,93,0.1350,0.8650,0.1200,0.1500,0.8500,0.8800,,,,
1767872593147,2026-01-08T11:43:13.147Z,2026,1,8,11,43,13,147,0.1400,0.8600,0.1300,0.1500,0.8500,0.8700,,,,
1767872593257,2026-01-08T11:43:13.257Z,2026,1,8,11,43,13,257,0.1350,0.8650,0.1200,0.1500,0.8500,0.8800,,,,
1767872593361,2026-01-08T11:43:13.361Z,2026,1,8,11,43,13,361,0.1400,0.8600,0.1300,0.1500,0.8500,0.8700,,,,
1767872593461,2026-01-08T11:43:13.461Z,2026,1,8,11,43,13,461,0.1350,0.8650,0.1200,0.1500,0.8500,0.8800,,,,
1767872593560,2026-01-08T11:43:13.560Z,2026,1,8,11,43,13,560,0.1400,0.8600,0.1300,0.1500,0.8500,0.8700,,,,
1767872593761,2026-01-08T11:43:13.761Z,2026,1,8,11,43,13,761,0.1350,0.8650,0.1200,0.1500,0.8500,0.8800,,,,
1767872593859,2026-01-08T11:43:13.859Z,2026,1,8,11,43,13,859,0.1400,0.8600,0.1300,0.1500,0.8500,0.8700,,,,
1767872593968,2026-01-08T11:43:13.968Z,2026,1,8,11,43,13,968,0.1350,0.8650,0.1200,0.1500,0.8500,0.8800,,,,
1767872594057,2026-01-08T11:43:14.057Z,2026,1,8,11,43,14,57,0.1400,0.8600,0.1300,0.1500,0.8500,0.8700,,,,
1767872594159,2026-01-08T11:43:14.159Z,2026,1,8,11,43,14,159,0.1350,0.8650,0.1200,0.1500,0.8500,0.8800,,,,
1767872594272,2026-01-08T11:43:14.272Z,2026,1,8,11,43,14,272,0.1400,0.8600,0.1300,0.1500,0.8500,0.8700,,,,
1767872594361,2026-01-08T11:43:14.361Z,2026,1,8,11,43,14,361,0.1350,0.8650,0.1200,0.1500,0.8500,0.8800,,,,
1767872594456,2026-01-08T11:43:14.456Z,2026,1,8,11,43,14,456,0.1400,0.8600,0.1300,0.1500,0.8500,0.8700,,,,
1767872594580,2026-01-08T11:43:14.580Z,2026,1,8,11,43,14,580,0.1350,0.8650,0.1200,0.1500,0.8500,0.8800,,,,
1767872594673,2026-01-08T11:43:14.673Z,2026,1,8,11,43,14,673,0.1400,0.8600,0.1300,0.1500,0.8500,0.8700,,,,
1767872594691,2026-01-08T11:43:14.691Z,2026,1,8,11,43,14,691,0.1350,0.8650,0.1300,0.1400,0.8600,0.8700,,,,
1767872595465,2026-01-08T11:43:15.465Z,2026,1,8,11,43,15,465,0.1300,0.8700,0.1200,0.1400,0.8600,0.8800,,,,
1767872595499,2026-01-08T11:43:15.499Z,2026,1,8,11,43,15,499,0.1350,0.8650,0.1300,0.1400,0.8600,0.8700,,,,
1767872595699,2026-01-08T11:43:15.699Z,2026,1,8,11,43,15,699,0.1300,0.8700,0.1200,0.1400,0.8600,0.8800,,,,
1767872598305,2026-01-08T11:43:18.305Z,2026,1,8,11,43,18,305,0.1250,0.8750,0.1200,0.1300,0.8700,0.8800,,,,
1767872598685,2026-01-08T11:43:18.685Z,2026,1,8,11,43,18,685,0.1200,0.8800,0.1100,0.1300,0.8700,0.8900,,,,
1767872601070,2026-01-08T11:43:21.070Z,2026,1,8,11,43,21,70,0.1250,0.8750,0.1200,0.1300,0.8700,0.8800,,,,
1767872601348,2026-01-08T11:43:21.348Z,2026,1,8,11,43,21,348,0.1200,0.8800,0.1100,0.1300,0.8700,0.8900,,,,
1767872610221,2026-01-08T11:43:30.221Z,2026,1,8,11,43,30,221,0.1150,0.8850,0.1100,0.1200,0.8800,0.8900,,,,
1767872611242,2026-01-08T11:43:31.242Z,2026,1,8,11,43,31,242,0.1200,0.8800,0.1100,0.1300,0.8700,0.8900,,,,
1767872611419,2026-01-08T11:43:31.419Z,2026,1,8,11,43,31,419,0.1250,0.8750,0.1200,0.1300,0.8700,0.8800,,,,
1767872626368,2026-01-08T11:43:46.368Z,2026,1,8,11,43,46,368,0.1200,0.8800,0.1100,0.1300,0.8700,0.8900,,,,
1767872626769,2026-01-08T11:43:46.769Z,2026,1,8,11,43,46,769,0.1150,0.8850,0.1100,0.1200,0.8800,0.8900,,,,
1767872627793,2026-01-08T11:43:47.793Z,2026,1,8,11,43,47,793,0.1100,0.8900,0.1000,0.1200,0.8800,0.9000,,,,
1767872628641,2026-01-08T11:43:48.641Z,2026,1,8,11,43,48,641,0.1050,0.8950,0.1000,0.1100,0.8900,0.9000,,,,
1767872633452,2026-01-08T11:43:53.452Z,2026,1,8,11,43,53,452,0.1000,0.9000,0.0900,0.1100,0.8900,0.9100,,,,
1767872633481,2026-01-08T11:43:53.481Z,2026,1,8,11,43,53,481,0.0950,0.9050,0.0800,0.1100,0.8900,0.9200,,,,
1767872633500,2026-01-08T11:43:53.500Z,2026,1,8,11,43,53,500,0.0900,0.9100,0.0800,0.1000,0.9000,0.9200,,,,
1767872633509,2026-01-08T11:43:53.509Z,2026,1,8,11,43,53,509,0.0850,0.9150,0.0800,0.0900,0.9100,0.9200,,,,
1767872636005,2026-01-08T11:43:56.005Z,2026,1,8,11,43,56,5,0.0800,0.9200,0.0700,0.0900,0.9100,0.9300,,,,
1767872640635,2026-01-08T11:44:00.635Z,2026,1,8,11,44,0,635,0.0850,0.9150,0.0800,0.0900,0.9100,0.9200,,,,
1767872641411,2026-01-08T11:44:01.411Z,2026,1,8,11,44,1,411,0.0900,0.9100,0.0800,0.1000,0.9000,0.9200,,,,
1767872641737,2026-01-08T11:44:01.737Z,2026,1,8,11,44,1,737,0.0850,0.9150,0.0800,0.0900,0.9100,0.9200,,,,
1767872641740,2026-01-08T11:44:01.740Z,2026,1,8,11,44,1,740,0.0800,0.9200,0.0700,0.0900,0.9100,0.9300,,,,
1767872651163,2026-01-08T11:44:11.163Z,2026,1,8,11,44,11,163,0.0850,0.9150,0.0800,0.0900,0.9100,0.9200,,,,
1767872651352,2026-01-08T11:44:11.352Z,2026,1,8,11,44,11,352,0.0800,0.9200,0.0700,0.0900,0.9100,0.9300,,,,
1767872670272,2026-01-08T11:44:30.272Z,2026,1,8,11,44,30,272,0.0850,0.9150,0.0800,0.0900,0.9100,0.9200,,,,
1767872676288,2026-01-08T11:44:36.288Z,2026,1,8,11,44,36,288,0.0800,0.9200,0.0700,0.0900,0.9100,0.9300,,,,
1767872680829,2026-01-08T11:44:40.829Z,2026,1,8,11,44,40,829,0.0750,0.9250,0.0700,0.0800,0.9200,0.9300,,,,
1767872682384,2026-01-08T11:44:42.384Z,2026,1,8,11,44,42,384,0.0700,0.9300,0.0600,0.0800,0.9200,0.9400,,,,
1767872682387,2026-01-08T11:44:42.387Z,2026,1,8,11,44,42,387,0.0650,0.9350,0.0600,0.0700,0.9300,0.9400,,,,
1767872682461,2026-01-08T11:44:42.461Z,2026,1,8,11,44,42,461,0.0600,0.9400,0.0500,0.0700,0.9300,0.9500,,,,
1767872682494,2026-01-08T11:44:42.494Z,2026,1,8,11,44,42,494,0.0550,0.9450,0.0500,0.0600,0.9400,0.9500,,,,
1767872682646,2026-01-08T11:44:42.646Z,2026,1,8,11,44,42,646,0.0600,0.9400,0.0500,0.0700,0.9300,0.9500,,,,
1767872683018,2026-01-08T11:44:43.018Z,2026,1,8,11,44,43,18,0.0650,0.9350,0.0600,0.0700,0.9300,0.9400,,,,
1767872683045,2026-01-08T11:44:43.045Z,2026,1,8,11,44,43,45,0.0600,0.9400,0.0500,0.0700,0.9300,0.9500,,,,
1767872683354,2026-01-08T11:44:43.354Z,2026,1,8,11,44,43,354,0.0650,0.9350,0.0600,0.0700,0.9300,0.9400,,,,
1767872685405,2026-01-08T11:44:45.405Z,2026,1,8,11,44,45,405,0.0700,0.9300,0.0600,0.0800,0.9200,0.9400,,,,
1767872687827,2026-01-08T11:44:47.827Z,2026,1,8,11,44,47,827,0.0650,0.9350,0.0600,0.0700,0.9300,0.9400,,,,
1767872701147,2026-01-08T11:45:01.147Z,2026,1,8,11,45,1,147,0.0600,0.9400,0.0500,0.0700,0.9300,0.9500,,,,
1767872701647,2026-01-08T11:45:01.647Z,2026,1,8,11,45,1,647,0.0650,0.9350,0.0600,0.0700,0.9300,0.9400,,,,
1767872703759,2026-01-08T11:45:03.759Z,2026,1,8,11,45,3,759,0.0650,0.9350,0.0600,0.0700,0.9300,0.9400,,,,
1767872725861,2026-01-08T11:45:25.861Z,2026,1,8,11,45,25,861,0.0700,0.9300,0.0600,0.0800,0.9200,0.9400,,,,
1767872726381,2026-01-08T11:45:26.381Z,2026,1,8,11,45,26,381,0.0750,0.9250,0.0700,0.0800,0.9200,0.9300,,,,
1767872726433,2026-01-08T11:45:26.433Z,2026,1,8,11,45,26,433,0.0700,0.9300,0.0600,0.0800,0.9200,0.9400,,,,
1767872726448,2026-01-08T11:45:26.448Z,2026,1,8,11,45,26,448,0.0750,0.9250,0.0700,0.0800,0.9200,0.9300,,,,
1767872729215,2026-01-08T11:45:29.215Z,2026,1,8,11,45,29,215,0.0700,0.9300,0.0600,0.0800,0.9200,0.9400,,,,
1767872729590,2026-01-08T11:45:29.590Z,2026,1,8,11,45,29,590,0.0650,0.9350,0.0600,0.0700,0.9300,0.9400,,,,
1767872733648,2026-01-08T11:45:33.648Z,2026,1,8,11,45,33,648,0.0700,0.9300,0.0600,0.0800,0.9200,0.9400,,,,
1767872760792,2026-01-08T11:46:00.792Z,2026,1,8,11,46,0,792,0.0650,0.9350,0.0600,0.0700,0.9300,0.9400,,,,
1767872761362,2026-01-08T11:46:01.362Z,2026,1,8,11,46,1,362,0.0700,0.9300,0.0600,0.0800,0.9200,0.9400,,,,
1767872763579,2026-01-08T11:46:03.579Z,2026,1,8,11,46,3,579,0.0650,0.9350,0.0600,0.0700,0.9300,0.9400,,,,
1767872763585,2026-01-08T11:46:03.585Z,2026,1,8,11,46,3,585,0.0600,0.9400,0.0500,0.0700,0.9300,0.9500,,,,
1767872763701,2026-01-08T11:46:03.701Z,2026,1,8,11,46,3,701,0.0550,0.9450,0.0500,0.0600,0.9400,0.9500,,,,
1767872764286,2026-01-08T11:46:04.286Z,2026,1,8,11,46,4,286,0.0600,0.9400,0.0500,0.0700,0.9300,0.9500,,,,
1767872770055,2026-01-08T11:46:10.055Z,2026,1,8,11,46,10,55,0.0500,0.9500,0.0300,0.0700,0.9300,0.9700,,,,
1767872770083,2026-01-08T11:46:10.083Z,2026,1,8,11,46,10,83,0.0550,0.9450,0.0400,0.0700,0.9300,0.9600,,,,
1767872770123,2026-01-08T11:46:10.123Z,2026,1,8,11,46,10,123,0.0600,0.9400,0.0500,0.0700,0.9300,0.9500,,,,
1767872773539,2026-01-08T11:46:13.539Z,2026,1,8,11,46,13,539,0.0450,0.9550,0.0400,0.0500,0.9500,0.9600,,,,
1767872782333,2026-01-08T11:46:22.333Z,2026,1,8,11,46,22,333,0.0400,0.9600,0.0300,0.0500,0.9500,0.9700,,,,
1767872782390,2026-01-08T11:46:22.390Z,2026,1,8,11,46,22,390,0.0450,0.9550,0.0400,0.0500,0.9500,0.9600,,,,
1767872788453,2026-01-08T11:46:28.453Z,2026,1,8,11,46,28,453,0.0400,0.9600,0.0300,0.0500,0.9500,0.9700,,,,
1767872788513,2026-01-08T11:46:28.513Z,2026,1,8,11,46,28,513,0.0450,0.9550,0.0400,0.0500,0.9500,0.9600,,,,
1767872798037,2026-01-08T11:46:38.037Z,2026,1,8,11,46,38,37,0.0400,0.9600,0.0300,0.0500,0.9500,0.9700,,,,
1767872808232,2026-01-08T11:46:48.232Z,2026,1,8,11,46,48,232,0.0450,0.9550,0.0400,0.0500,0.9500,0.9600,,,,
1767872808830,2026-01-08T11:46:48.830Z,2026,1,8,11,46,48,830,0.0400,0.9600,0.0300,0.0500,0.9500,0.9700,,,,
1767872810742,2026-01-08T11:46:50.742Z,2026,1,8,11,46,50,742,0.0350,0.9650,0.0300,0.0400,0.9600,0.9700,,,,
1767872870209,2026-01-08T11:47:50.209Z,2026,1,8,11,47,50,209,0.0250,0.9750,0.0200,0.0300,0.9700,0.9800,,,,
1767872879167,2026-01-08T11:47:59.167Z,2026,1,8,11,47,59,167,0.0300,0.9700,0.0200,0.0400,0.9600,0.9800,,,,
1767872893549,2026-01-08T11:48:13.549Z,2026,1,8,11,48,13,549,0.0350,0.9650,0.0300,0.0400,0.9600,0.9700,,,,
1767872895696,2026-01-08T11:48:15.696Z,2026,1,8,11,48,15,696,0.0300,0.9700,0.0200,0.0400,0.9600,0.9800,,,,
1767872921941,2026-01-08T11:48:41.941Z,2026,1,8,11,48,41,941,0.0250,0.9750,0.0200,0.0300,0.9700,0.9800,,,,
1767872969318,2026-01-08T11:49:29.318Z,2026,1,8,11,49,29,318,0.0255,0.9745,0.0210,0.0300,0.9700,0.9790,,,,
1767873003243,2026-01-08T11:50:03.243Z,2026,1,8,11,50,3,243,0.0350,0.9650,0.0300,0.0400,0.9600,0.9700,,,,
1767873006168,2026-01-08T11:50:06.168Z,2026,1,8,11,50,6,168,0.0255,0.9745,0.0210,0.0300,0.9700,0.9790,,,,
1767873007608,2026-01-08T11:50:07.608Z,2026,1,8,11,50,7,608,0.0350,0.9650,0.0300,0.0400,0.9600,0.9700,,,,
1767873008222,2026-01-08T11:50:08.222Z,2026,1,8,11,50,8,222,0.0305,0.9695,0.0210,0.0400,0.9600,0.9790,,,,
1767873009426,2026-01-08T11:50:09.426Z,2026,1,8,11,50,9,426,0.0355,0.9645,0.0210,0.0500,0.9500,0.9790,,,,
1767873009696,2026-01-08T11:50:09.696Z,2026,1,8,11,50,9,696,0.0450,0.9550,0.0400,0.0500,0.9500,0.9600,,,,
1767873010283,2026-01-08T11:50:10.283Z,2026,1,8,11,50,10,283,0.0400,0.9600,0.0300,0.0500,0.9500,0.9700,,,,
1767873010415,2026-01-08T11:50:10.415Z,2026,1,8,11,50,10,415,0.0350,0.9650,0.0300,0.0400,0.9600,0.9700,,,,
1767873011782,2026-01-08T11:50:11.782Z,2026,1,8,11,50,11,782,0.0305,0.9695,0.0210,0.0400,0.9600,0.9790,,,,
1767873012582,2026-01-08T11:50:12.582Z,2026,1,8,11,50,12,582,0.0350,0.9650,0.0300,0.0400,0.9600,0.9700,,,,
1767873015003,2026-01-08T11:50:15.003Z,2026,1,8,11,50,15,3,0.0400,0.9600,0.0300,0.0500,0.9500,0.9700,,,,
1767873015728,2026-01-08T11:50:15.728Z,2026,1,8,11,50,15,728,0.0450,0.9550,0.0300,0.0600,0.9400,0.9700,,,,
1767873016817,2026-01-08T11:50:16.817Z,2026,1,8,11,50,16,817,0.0395,0.9605,0.0300,0.0490,0.9510,0.9700,,,,
1767873018482,2026-01-08T11:50:18.482Z,2026,1,8,11,50,18,482,0.0445,0.9555,0.0400,0.0490,0.9510,0.9600,,,,
1767873021539,2026-01-08T11:50:21.539Z,2026,1,8,11,50,21,539,0.0450,0.9550,0.0400,0.0500,0.9500,0.9600,,,,
1767873021649,2026-01-08T11:50:21.649Z,2026,1,8,11,50,21,649,0.0500,0.9500,0.0400,0.0600,0.9400,0.9600,,,,
1767873023854,2026-01-08T11:50:23.854Z,2026,1,8,11,50,23,854,0.0450,0.9550,0.0400,0.0500,0.9500,0.9600,,,,
1767873025253,2026-01-08T11:50:25.253Z,2026,1,8,11,50,25,253,0.0550,0.9450,0.0500,0.0600,0.9400,0.9500,,,,
1767873027260,2026-01-08T11:50:27.260Z,2026,1,8,11,50,27,260,0.0500,0.9500,0.0400,0.0600,0.9400,0.9600,,,,
1767873027342,2026-01-08T11:50:27.342Z,2026,1,8,11,50,27,342,0.0450,0.9550,0.0400,0.0500,0.9500,0.9600,,,,
1767873028400,2026-01-08T11:50:28.400Z,2026,1,8,11,50,28,400,0.0500,0.9500,0.0400,0.0600,0.9400,0.9600,,,,
1767873028531,2026-01-08T11:50:28.531Z,2026,1,8,11,50,28,531,0.0550,0.9450,0.0500,0.0600,0.9400,0.9500,,,,
1767873042286,2026-01-08T11:50:42.286Z,2026,1,8,11,50,42,286,0.0600,0.9400,0.0500,0.0700,0.9300,0.9500,,,,
1767873051836,2026-01-08T11:50:51.836Z,2026,1,8,11,50,51,836,0.0550,0.9450,0.0500,0.0600,0.9400,0.9500,,,,
1767873057494,2026-01-08T11:50:57.494Z,2026,1,8,11,50,57,494,0.0600,0.9400,0.0500,0.0700,0.9300,0.9500,,,,
1767873057570,2026-01-08T11:50:57.570Z,2026,1,8,11,50,57,570,0.0550,0.9450,0.0500,0.0600,0.9400,0.9500,,,,
1767873058841,2026-01-08T11:50:58.841Z,2026,1,8,11,50,58,841,0.0600,0.9400,0.0500,0.0700,0.9300,0.9500,,,,
1767873058896,2026-01-08T11:50:58.896Z,2026,1,8,11,50,58,896,0.0550,0.9450,0.0500,0.0600,0.9400,0.9500,,,,
1767873060203,2026-01-08T11:51:00.203Z,2026,1,8,11,51,0,203,0.0600,0.9400,0.0500,0.0700,0.9300,0.9500,,,,
1767873061672,2026-01-08T11:51:01.672Z,2026,1,8,11,51,1,672,0.0550,0.9450,0.0500,0.0600,0.9400,0.9500,,,,
1767873066989,2026-01-08T11:51:06.989Z,2026,1,8,11,51,6,989,0.0600,0.9400,0.0500,0.0700,0.9300,0.9500,,,,
1767873069445,2026-01-08T11:51:09.445Z,2026,1,8,11,51,9,445,0.0650,0.9350,0.0600,0.0700,0.9300,0.9400,,,,
1767873070145,2026-01-08T11:51:10.145Z,2026,1,8,11,51,10,145,0.0600,0.9400,0.0500,0.0700,0.9300,0.9500,,,,
1767873070339,2026-01-08T11:51:10.339Z,2026,1,8,11,51,10,339,0.0650,0.9350,0.0600,0.0700,0.9300,0.9400,,,,
1767873076287,2026-01-08T11:51:16.287Z,2026,1,8,11,51,16,287,0.0645,0.9355,0.0600,0.0690,0.9310,0.9400,,,,
1767873082288,2026-01-08T11:51:22.288Z,2026,1,8,11,51,22,288,0.0595,0.9405,0.0500,0.0690,0.9310,0.9500,,,,
1767873082397,2026-01-08T11:51:22.397Z,2026,1,8,11,51,22,397,0.0645,0.9355,0.0600,0.0690,0.9310,0.9400,,,,
1767873082963,2026-01-08T11:51:22.963Z,2026,1,8,11,51,22,963,0.0595,0.9405,0.0500,0.0690,0.9310,0.9500,,,,
1767873088428,2026-01-08T11:51:28.428Z,2026,1,8,11,51,28,428,0.0645,0.9355,0.0600,0.0690,0.9310,0.9400,,,,
1767873093619,2026-01-08T11:51:33.619Z,2026,1,8,11,51,33,619,0.0650,0.9350,0.0600,0.0700,0.9300,0.9400,,,,
1767873097336,2026-01-08T11:51:37.336Z,2026,1,8,11,51,37,336,0.0600,0.9400,0.0500,0.0700,0.9300,0.9500,,,,
1767873106357,2026-01-08T11:51:46.357Z,2026,1,8,11,51,46,357,0.0550,0.9450,0.0500,0.0600,0.9400,0.9500,,,,
1767873106969,2026-01-08T11:51:46.969Z,2026,1,8,11,51,46,969,0.0600,0.9400,0.0500,0.0700,0.9300,0.9500,,,,
1767873107163,2026-01-08T11:51:47.163Z,2026,1,8,11,51,47,163,0.0450,0.9550,0.0400,0.0500,0.9500,0.9600,,,,
1767873117739,2026-01-08T11:51:57.739Z,2026,1,8,11,51,57,739,0.0550,0.9450,0.0500,0.0600,0.9400,0.9500,,,,
1767873118078,2026-01-08T11:51:58.078Z,2026,1,8,11,51,58,78,0.0600,0.9400,0.0500,0.0700,0.9300,0.9500,,,,
1767873118436,2026-01-08T11:51:58.436Z,2026,1,8,11,51,58,436,0.0650,0.9350,0.0600,0.0700,0.9300,0.9400,,,,
1767873119834,2026-01-08T11:51:59.834Z,2026,1,8,11,51,59,834,0.0700,0.9300,0.0600,0.0800,0.9200,0.9400,,,,
1767873119868,2026-01-08T11:51:59.868Z,2026,1,8,11,51,59,868,0.0750,0.9250,0.0700,0.0800,0.9200,0.9300,,,,
1767873120759,2026-01-08T11:52:00.759Z,2026,1,8,11,52,0,759,0.0700,0.9300,0.0600,0.0800,0.9200,0.9400,,,,
1767873120773,2026-01-08T11:52:00.773Z,2026,1,8,11,52,0,773,0.0650,0.9350,0.0600,0.0700,0.9300,0.9400,,,,
1767873120872,2026-01-08T11:52:00.872Z,2026,1,8,11,52,0,872,0.0700,0.9300,0.0600,0.0800,0.9200,0.9400,,,,
1767873120902,2026-01-08T11:52:00.902Z,2026,1,8,11,52,0,902,0.0750,0.9250,0.0700,0.0800,0.9200,0.9300,,,,
1767873121281,2026-01-08T11:52:01.281Z,2026,1,8,11,52,1,281,0.1000,0.9000,0.0700,0.1300,0.8700,0.9300,,,,
1767873121311,2026-01-08T11:52:01.311Z,2026,1,8,11,52,1,311,0.0950,0.9050,0.0700,0.1200,0.8800,0.9300,,,,
1767873121334,2026-01-08T11:52:01.334Z,2026,1,8,11,52,1,334,0.0900,0.9100,0.0700,0.1100,0.8900,0.9300,,,,
1767873121364,2026-01-08T11:52:01.364Z,2026,1,8,11,52,1,364,0.0850,0.9150,0.0700,0.1000,0.9000,0.9300,,,,
1767873121394,2026-01-08T11:52:01.394Z,2026,1,8,11,52,1,394,0.0800,0.9200,0.0700,0.0900,0.9100,0.9300,,,,
1767873121424,2026-01-08T11:52:01.424Z,2026,1,8,11,52,1,424,0.0750,0.9250,0.0700,0.0800,0.9200,0.9300,,,,
1767873123447,2026-01-08T11:52:03.447Z,2026,1,8,11,52,3,447,0.0650,0.9350,0.0600,0.0700,0.9300,0.9400,,,,
1767873125529,2026-01-08T11:52:05.529Z,2026,1,8,11,52,5,529,0.0750,0.9250,0.0700,0.0800,0.9200,0.9300,,,,
1767873130204,2026-01-08T11:52:10.204Z,2026,1,8,11,52,10,204,0.0700,0.9300,0.0600,0.0800,0.9200,0.9400,,,,
1767873130242,2026-01-08T11:52:10.242Z,2026,1,8,11,52,10,242,0.0650,0.9350,0.0600,0.0700,0.9300,0.9400,,,,
1767873130973,2026-01-08T11:52:10.973Z,2026,1,8,11,52,10,973,0.0600,0.9400,0.0500,0.0700,0.9300,0.9500,,,,
1767873133433,2026-01-08T11:52:13.433Z,2026,1,8,11,52,13,433,0.0650,0.9350,0.0600,0.0700,0.9300,0.9400,,,,
1767873135381,2026-01-08T11:52:15.381Z,2026,1,8,11,52,15,381,0.0600,0.9400,0.0500,0.0700,0.9300,0.9500,,,,
1767873138311,2026-01-08T11:52:18.311Z,2026,1,8,11,52,18,311,0.0550,0.9450,0.0500,0.0600,0.9400,0.9500,,,,
1767873138346,2026-01-08T11:52:18.346Z,2026,1,8,11,52,18,346,0.0600,0.9400,0.0500,0.0700,0.9300,0.9500,,,,
1767873138427,2026-01-08T11:52:18.427Z,2026,1,8,11,52,18,427,0.0550,0.9450,0.0500,0.0600,0.9400,0.9500,,,,
1767873138457,2026-01-08T11:52:18.457Z,2026,1,8,11,52,18,457,0.0600,0.9400,0.0500,0.0700,0.9300,0.9500,,,,
1767873142413,2026-01-08T11:52:22.413Z,2026,1,8,11,52,22,413,0.0550,0.9450,0.0500,0.0600,0.9400,0.9500,,,,
1767873142522,2026-01-08T11:52:22.522Z,2026,1,8,11,52,22,522,0.0600,0.9400,0.0500,0.0700,0.9300,0.9500,,,,
1767873143917,2026-01-08T11:52:23.917Z,2026,1,8,11,52,23,917,0.0550,0.9450,0.0500,0.0600,0.9400,0.9500,,,,
1767873146326,2026-01-08T11:52:26.326Z,2026,1,8,11,52,26,326,0.0500,0.9500,0.0400,0.0600,0.9400,0.9600,,,,
1767873147327,2026-01-08T11:52:27.327Z,2026,1,8,11,52,27,327,0.0550,0.9450,0.0400,0.0700,0.9300,0.9600,,,,
1767873147343,2026-01-08T11:52:27.343Z,2026,1,8,11,52,27,343,0.0615,0.9385,0.0530,0.0700,0.9300,0.9470,,,,
1767873151665,2026-01-08T11:52:31.665Z,2026,1,8,11,52,31,665,0.0550,0.9450,0.0400,0.0700,0.9300,0.9600,,,,
1767873153569,2026-01-08T11:52:33.569Z,2026,1,8,11,52,33,569,0.0600,0.9400,0.0500,0.0700,0.9300,0.9500,,,,
1767873154722,2026-01-08T11:52:34.722Z,2026,1,8,11,52,34,722,0.0550,0.9450,0.0400,0.0700,0.9300,0.9600,,,,
1767873161095,2026-01-08T11:52:41.095Z,2026,1,8,11,52,41,95,0.0600,0.9400,0.0500,0.0700,0.9300,0.9500,,,,
1767873161943,2026-01-08T11:52:41.943Z,2026,1,8,11,52,41,943,0.0550,0.9450,0.0400,0.0700,0.9300,0.9600,,,,
1767873173640,2026-01-08T11:52:53.640Z,2026,1,8,11,52,53,640,0.0600,0.9400,0.0500,0.0700,0.9300,0.9500,,,,
1767873174470,2026-01-08T11:52:54.470Z,2026,1,8,11,52,54,470,0.0550,0.9450,0.0400,0.0700,0.9300,0.9600,,,,
1767873175026,2026-01-08T11:52:55.026Z,2026,1,8,11,52,55,26,0.0600,0.9400,0.0500,0.0700,0.9300,0.9500,,,,
1767873175635,2026-01-08T11:52:55.635Z,2026,1,8,11,52,55,635,0.0550,0.9450,0.0400,0.0700,0.9300,0.9600,,,,
1767873186261,2026-01-08T11:53:06.261Z,2026,1,8,11,53,6,261,0.0600,0.9400,0.0400,0.0800,0.9200,0.9600,,,,
1767873186686,2026-01-08T11:53:06.686Z,2026,1,8,11,53,6,686,0.0650,0.9350,0.0500,0.0800,0.9200,0.9500,,,,
1767873187482,2026-01-08T11:53:07.482Z,2026,1,8,11,53,7,482,0.0600,0.9400,0.0500,0.0700,0.9300,0.9500,,,,
1767873187802,2026-01-08T11:53:07.802Z,2026,1,8,11,53,7,802,0.0550,0.9450,0.0400,0.0700,0.9300,0.9600,,,,
1767873188956,2026-01-08T11:53:08.956Z,2026,1,8,11,53,8,956,0.0600,0.9400,0.0500,0.0700,0.9300,0.9500,,,,
1767873191587,2026-01-08T11:53:11.587Z,2026,1,8,11,53,11,587,0.0500,0.9500,0.0300,0.0700,0.9300,0.9700,,,,
1767873191604,2026-01-08T11:53:11.604Z,2026,1,8,11,53,11,604,0.0550,0.9450,0.0400,0.0700,0.9300,0.9600,,,,
1767873191693,2026-01-08T11:53:11.693Z,2026,1,8,11,53,11,693,0.0600,0.9400,0.0500,0.0700,0.9300,0.9500,,,,
1767873191873,2026-01-08T11:53:11.873Z,2026,1,8,11,53,11,873,0.0550,0.9450,0.0400,0.0700,0.9300,0.9600,,,,
1767873192103,2026-01-08T11:53:12.103Z,2026,1,8,11,53,12,103,0.0500,0.9500,0.0400,0.0600,0.9400,0.9600,,,,
1767873193896,2026-01-08T11:53:13.896Z,2026,1,8,11,53,13,896,0.0450,0.9550,0.0400,0.0500,0.9500,0.9600,,,,
1767873204191,2026-01-08T11:53:24.191Z,2026,1,8,11,53,24,191,0.0400,0.9600,0.0300,0.0500,0.9500,0.9700,,,,
1767873204930,2026-01-08T11:53:24.930Z,2026,1,8,11,53,24,930,0.0450,0.9550,0.0400,0.0500,0.9500,0.9600,,,,
1767873206710,2026-01-08T11:53:26.710Z,2026,1,8,11,53,26,710,0.0400,0.9600,0.0300,0.0500,0.9500,0.9700,,,,
1767873218810,2026-01-08T11:53:38.810Z,2026,1,8,11,53,38,810,0.0350,0.9650,0.0300,0.0400,0.9600,0.9700,,,,
1767873229859,2026-01-08T11:53:49.859Z,2026,1,8,11,53,49,859,0.0250,0.9750,0.0100,0.0400,0.9600,0.9900,,,,
1767873229897,2026-01-08T11:53:49.897Z,2026,1,8,11,53,49,897,0.0305,0.9695,0.0210,0.0400,0.9600,0.9790,,,,
1767873229917,2026-01-08T11:53:49.917Z,2026,1,8,11,53,49,917,0.0300,0.9700,0.0200,0.0400,0.9600,0.9800,,,,
1767873230337,2026-01-08T11:53:50.337Z,2026,1,8,11,53,50,337,0.0250,0.9750,0.0100,0.0400,0.9600,0.9900,,,,
1767873233823,2026-01-08T11:53:53.823Z,2026,1,8,11,53,53,823,0.0200,0.9800,0.0100,0.0300,0.9700,0.9900,,,,
1767873233837,2026-01-08T11:53:53.837Z,2026,1,8,11,53,53,837,0.0250,0.9750,0.0200,0.0300,0.9700,0.9800,,,,
1767873233856,2026-01-08T11:53:53.856Z,2026,1,8,11,53,53,856,0.0200,0.9800,0.0100,0.0300,0.9700,0.9900,,,,
1767873236943,2026-01-08T11:53:56.943Z,2026,1,8,11,53,56,943,0.0250,0.9750,0.0200,0.0300,0.9700,0.9800,,,,
1767873237172,2026-01-08T11:53:57.172Z,2026,1,8,11,53,57,172,0.0300,0.9700,0.0200,0.0400,0.9600,0.9800,,,,
1767873238780,2026-01-08T11:53:58.780Z,2026,1,8,11,53,58,780,0.0250,0.9750,0.0100,0.0400,0.9600,0.9900,,,,
1767873240294,2026-01-08T11:54:00.294Z,2026,1,8,11,54,0,294,0.0200,0.9800,0.0100,0.0300,0.9700,0.9900,,,,
1767873241627,2026-01-08T11:54:01.627Z,2026,1,8,11,54,1,627,0.0125,0.9875,0.0100,0.0150,0.9850,0.9900,,,,
1767873242154,2026-01-08T11:54:02.154Z,2026,1,8,11,54,2,154,0.0200,0.9800,0.0100,0.0300,0.9700,0.9900,,,,
1767873242480,2026-01-08T11:54:02.480Z,2026,1,8,11,54,2,480,0.0225,0.9775,0.0150,0.0300,0.9700,0.9850,,,,
1767873243157,2026-01-08T11:54:03.157Z,2026,1,8,11,54,3,157,0.0250,0.9750,0.0200,0.0300,0.9700,0.9800,,,,
1767873252499,2026-01-08T11:54:12.499Z,2026,1,8,11,54,12,499,0.0175,0.9825,0.0150,0.0200,0.9800,0.9850,,,,
1767873252754,2026-01-08T11:54:12.754Z,2026,1,8,11,54,12,754,0.0225,0.9775,0.0150,0.0300,0.9700,0.9850,,,,
1767873256298,2026-01-08T11:54:16.298Z,2026,1,8,11,54,16,298,0.0175,0.9825,0.0150,0.0200,0.9800,0.9850,,,,
1767873256601,2026-01-08T11:54:16.601Z,2026,1,8,11,54,16,601,0.0225,0.9775,0.0150,0.0300,0.9700,0.9850,,,,
1767873257170,2026-01-08T11:54:17.170Z,2026,1,8,11,54,17,170,0.0125,0.9875,0.0100,0.0150,0.9850,0.9900,,,,
1767873269684,2026-01-08T11:54:29.684Z,2026,1,8,11,54,29,684,0.0200,0.9950,,0.0100,0.9900,1.0000,,,,
1767873272603,2026-01-08T11:54:32.603Z,2026,1,8,11,54,32,603,0.0100,0.9900,,0.0100,0.9900,,,,,
1767873403596,2026-01-08T11:56:43.596Z,2026,1,8,11,56,43,596,0.0080,0.9900,,0.0080,0.9920,,,,,
